ID,CREATED_DATE,BIRTH_DATE,STATE,LANGUAGE,GENDER
5ef3b4f17053ab141787697d,2020-06-24 20:17:54.000 Z,2000-08-11 00:00:00.000 Z,CA,es-419,female
5ff220d383fcfc12622b96bc,2021-01-03 19:53:55.000 Z,2001-09-24 04:00:00.000 Z,PA,en,female
6477950aa55bb77a0e27ee10,2023-05-31 18:42:18.000 Z,1994-10-28 00:00:00.000 Z,FL,es-419,female
658a306e99b40f103b63ccf8,2023-12-26 01:46:22.000 Z,,NC,en,
653cf5d6a225ea102b7ecdc2,2023-10-28 11:51:50.000 Z,1972-03-19 00:00:00.000 Z,PA,en,female
5fe2b6f3ad416a1265c4ab68,2020-12-23 03:18:11.000 Z,1999-10-27 04:00:00.000 Z,NY,en,female
651210546816bb4d035b1ead,2023-09-25 22:57:24.000 Z,1983-09-25 22:57:25.000 Z,FL,es-419,male
642831ea3d4434e63c1936fd,2023-04-01 13:30:18.000 Z,1970-02-16 05:00:00.000 Z,IN,en,female
63a4c9a1b5f32149b9d82f9e,2022-12-22 21:18:25.000 Z,1982-12-22 05:00:00.000 Z,NC,en,female
63654b21d02459d8a57a2e2c,2022-11-04 17:25:53.000 Z,1992-05-03 04:00:00.000 Z,NY,en,non_binary
608823160155c475fd885921,2021-04-27 14:43:34.000 Z,1981-04-27 04:00:00.000 Z,,,male
6414de56197cb65cc270bf1e,2023-03-17 21:40:38.000 Z,2003-08-05 00:00:00.000 Z,OH,en,female
6087490b0155c475fd855961,2021-04-26 23:13:15.000 Z,1998-04-29 04:00:00.000 Z,PA,,female
5f07489d2def33149571ad98,2020-07-09 16:41:02.000 Z,1985-10-21 05:00:00.000 Z,TX,,female
63ab746a01cb7c888c6d8760,2022-12-27 22:40:42.000 Z,1982-12-27 07:00:00.000 Z,NM,en,female
5b03790ce4b0dbe82bdc768b,2018-05-22 01:57:32.000 Z,1982-11-01 00:00:00.000 Z,PR,,female
63159e2fb2906b770eaa626e,2022-09-05 06:58:55.000 Z,1998-02-21 06:00:00.000 Z,TX,es-419,female
5f7b4ff3294ea2162cc50d2e,2020-10-05 16:55:15.000 Z,1999-09-21 00:00:00.000 Z,CO,,female
62e41054a6565cf0534b6aed,2022-07-29 16:52:36.000 Z,1981-07-04 07:00:00.000 Z,CA,en,female
62a17f251f9dbf1584c67c72,2022-06-09 05:03:33.000 Z,1999-02-11 07:00:00.000 Z,AZ,,male
6105a947a1ffea0b098ae937,2021-07-31 19:49:27.000 Z,2003-01-13 00:00:00.000 Z,CO,,male
5f5c1c4bbbe97415e23fddbe,2020-09-12 00:54:35.000 Z,1955-08-14 04:00:00.000 Z,NY,,female
605a0aa694a5c74ba435fe64,2021-03-23 15:35:02.000 Z,1965-10-20 05:00:00.000 Z,IN,,female
5efe82fb9d2d5c142dafaadb,2020-07-03 00:59:39.000 Z,2003-11-20 05:00:00.000 Z,OH,,female
5e0100e99a28bd129d57554a,2019-12-23 18:01:13.000 Z,1961-07-26 05:00:00.000 Z,IN,en,female
6568861a9cb6a4f05dc9ccda,2023-11-30 12:54:50.000 Z,,NC,en,
65f8d4635a33935f1ed84910,2024-03-18 23:55:15.000 Z,1991-06-16 05:00:00.000 Z,TX,en,non_binary
65e14b0a16cc39173213d7cf,2024-03-01 03:27:06.000 Z,1986-09-06 00:00:00.000 Z,RI,en,female
64fa0e8c791f8099cbbd1d27,2023-09-07 17:55:24.000 Z,,,en,
65b30137e43f8851491b5c40,2024-01-26 00:47:52.000 Z,1995-02-05 00:00:00.000 Z,TX,es-419,female
6469703ba55bb77a0e256aaa,2023-05-21 01:13:31.000 Z,1984-02-05 02:13:32.000 Z,MO,en,female
6518419955f575777d102121,2023-09-30 15:41:13.000 Z,1959-01-13 05:00:00.000 Z,NJ,en,male
5f05b78098c94e1427c09130,2020-07-08 12:09:37.000 Z,1979-07-28 05:00:00.000 Z,TX,,female
65374cfadda97e6b13433f44,2023-10-24 04:50:02.000 Z,1988-01-18 00:00:00.000 Z,MA,en,male
65c5511516cc391732109bef,2024-02-08 22:09:25.000 Z,2001-09-07 05:00:00.000 Z,MO,en,female
603a1ba52c84ae12b309544d,2021-02-27 10:15:01.000 Z,1992-01-19 05:15:26.000 Z,TN,en,male
60bef61bd643e46197eda534,2021-06-08 04:46:19.000 Z,1985-10-14 07:00:00.000 Z,TX,en,female
655fe9a1dd170fff1657a048,2023-11-24 00:09:05.000 Z,,LA,en,
64124b519a24fe3c365d252d,2023-03-15 22:48:49.000 Z,2007-02-16 05:00:00.000 Z,NC,en,female
625c6353dc4d33411a05a56f,2022-04-17 18:58:27.000 Z,1985-07-09 04:00:00.000 Z,NY,en,male
5f3b0a129e970914a65a29ea,2020-08-17 22:52:03.000 Z,2004-01-28 08:00:00.000 Z,CA,,transgender
613d8edd69987266bae14c90,2021-09-12 05:23:41.000 Z,1992-12-27 08:00:00.000 Z,CA,,female
60b05e9722ec92518f3f0bb4,2021-05-28 03:08:07.000 Z,1986-05-08 10:00:00.000 Z,NH,en,transgender
5e82f32f64b068137326b6f9,2020-03-31 07:37:19.000 Z,1983-06-29 07:00:00.000 Z,CO,,male
63efed7b38f010745b98d7df,2023-02-17 21:11:23.000 Z,1986-08-25 00:00:00.000 Z,NJ,es-419,male
61a1650c5889930cbd65fa22,2021-11-26 22:51:56.000 Z,1980-01-19 00:00:00.000 Z,FL,,female
6406285a80552327897176f3,2023-03-06 17:52:26.000 Z,2001-03-01 06:00:00.000 Z,MO,en,female
628e266d6a4a921c54125ca6,2022-05-25 12:51:57.000 Z,2000-06-16 04:00:00.000 Z,IN,en,male
618069f6ef66b429dd9c2829,2021-11-01 22:28:06.000 Z,1978-01-07 06:00:00.000 Z,WI,en,female
5c165319fe4bf83abf4b03c0,2018-12-16 13:28:57.000 Z,1956-12-14 06:00:00.000 Z,IA,en,male
60bbd797544cfb2058986b12,2021-06-05 19:59:19.000 Z,1976-01-23 05:00:00.000 Z,GA,,female
610c0196882a7f6c4ed79e0c,2021-08-05 15:19:50.000 Z,1994-08-14 00:00:00.000 Z,FL,,female
5e6e71678931aa1390b5d281,2020-03-15 18:18:15.000 Z,1998-03-16 00:00:00.000 Z,TX,,female
5fe80f3765f1ab1285b4568e,2020-12-27 04:36:07.000 Z,1995-01-29 00:00:00.000 Z,PR,,male
61ae5033e9b3d75037b5d8df,2021-12-06 18:02:27.000 Z,1970-04-27 04:00:00.000 Z,VA,,male
5fda59badfbc5112bbf93091,2020-12-16 19:02:18.000 Z,2000-03-27 06:00:00.000 Z,TX,,male
5fea0eaf813c75128039df46,2020-12-28 16:58:23.000 Z,1996-12-31 05:00:00.000 Z,DC,,male
611884332d54841c909b4fe2,2021-08-15 03:04:19.000 Z,2005-09-23 00:00:00.000 Z,PA,en,male
63178c6eb2906b770eac374f,2022-09-06 18:07:42.000 Z,2005-03-28 00:00:00.000 Z,DC,en,male
65206ec67933bcf6ee794eaf,2023-10-06 20:32:06.000 Z,,TX,en,
5fa5c546209456125c2fe62e,2020-11-06 21:51:02.000 Z,1994-08-15 04:00:00.000 Z,KY,en,female
60584772b127612ea4276617,2021-03-22 07:29:54.000 Z,1994-08-27 00:00:00.000 Z,VA,en,female
64b49377480825afb3d4fb37,2023-07-17 01:03:51.000 Z,1977-03-15 00:00:00.000 Z,WI,en,female
624cb247e3d6762c55847def,2022-04-05 21:19:03.000 Z,1991-03-24 05:00:00.000 Z,OH,en,female
65ca747416cc391732114c5e,2024-02-12 19:41:40.000 Z,1996-07-31 04:00:00.000 Z,SC,en,female
65ca57cefe555d15f2885731,2024-02-12 17:39:26.000 Z,2000-05-22 04:00:00.000 Z,NY,en,female
6256fa450bd4ec45b00c08b0,2022-04-13 16:28:53.000 Z,1994-04-19 00:00:00.000 Z,MN,en,female
5e97d7c36e3f7013dbcd3f87,2020-04-16 03:57:55.000 Z,1989-03-20 00:00:00.000 Z,WV,en,female
659788b0abb3371350c97e94,2024-01-05 04:42:24.000 Z,,CA,en,
6590f16299b40f103b64b0c0,2023-12-31 04:43:14.000 Z,,,en,female
6431384444f22b2ce430ca80,2023-04-08 09:47:48.000 Z,2004-07-03 04:00:00.000 Z,NY,en,male
62e0153b38e4d925546bd10f,2022-07-26 16:24:27.000 Z,1991-04-14 04:00:00.000 Z,PR,es-419,female
5d704644d5533f127b31bc8b,2019-09-04 23:18:28.000 Z,2005-03-13 06:00:00.000 Z,TX,en,male
61a3e566002d3d2355c9db65,2021-11-28 20:24:06.000 Z,1985-05-20 04:00:00.000 Z,NY,,female
63e1af4eb425eb11a4763e84,2023-02-07 01:54:22.000 Z,1985-05-29 00:00:00.000 Z,FL,en,female
64a74fd2127ddb5d7f035239,2023-07-06 23:35:46.000 Z,1954-08-02 23:35:47.000 Z,FL,en,female
635d2a89f0c9155ff44d0fac,2022-10-29 13:28:41.000 Z,1967-03-13 05:00:00.000 Z,DE,en,female
62a24c321f9dbf1584c6a528,2022-06-09 19:38:26.000 Z,1986-09-25 05:00:00.000 Z,TX,en,female
619c44c0f6305b3dadde7512,2021-11-23 01:32:48.000 Z,2002-05-01 04:00:00.000 Z,FL,,male
6262d9360935a90c9dbe0407,2022-04-22 16:35:02.000 Z,1978-12-07 00:00:00.000 Z,MO,en,male
618d8a178fad2b2d96b6dcc7,2021-11-11 21:24:39.000 Z,2000-07-29 05:00:00.000 Z,IA,,female
5bca8461ddb68142bc0d1c6f,2018-10-20 01:26:57.000 Z,1988-07-05 04:00:00.000 Z,MI,,female
60ce38d09282a71bdc497a6f,2021-06-19 18:34:56.000 Z,2003-01-02 06:00:00.000 Z,IL,,female
5f0d07727c6c911450de9bfe,2020-07-14 01:16:35.000 Z,1997-08-27 05:00:00.000 Z,TN,,female
63b34ac701cb7c888c75a3e8,2023-01-02 21:21:11.000 Z,2009-03-07 05:00:00.000 Z,NH,en,female
5db2390aaa8c187c4b61428f,2019-10-24 23:51:38.000 Z,1985-03-17 06:00:00.000 Z,WI,,female
5e462711a22eaf13e499f4ed,2020-02-14 04:50:26.000 Z,1983-06-16 04:00:00.000 Z,DE,,female
5fab116e47030f4b0e7307c9,2020-11-10 22:17:19.000 Z,2000-02-25 05:00:00.000 Z,NC,,female
6338e424bc01b5fe2add576c,2022-10-02 01:06:44.000 Z,1970-01-01 00:00:00.000 Z,,en,
6225a238ec6c434f7b80ea63,2022-03-07 06:12:08.000 Z,1999-02-06 05:00:00.000 Z,SC,,female
5fc70441a071f3282e5accc0,2020-12-02 03:04:33.000 Z,1985-02-25 06:00:00.000 Z,MS,,female
5f74c805b2403b168f417eb5,2020-09-30 18:01:42.000 Z,1999-12-23 05:00:00.000 Z,NC,en,female
64087ec637872accbac99e2e,2023-03-08 12:25:42.000 Z,1962-07-27 00:00:00.000 Z,NH,en,female
62e36223a6565cf0534b28fb,2022-07-29 04:29:23.000 Z,2009-07-15 07:00:00.000 Z,CA,en,prefer_not_to_say
5e7b81dd8fded012c75cd3ac,2020-03-25 16:07:58.000 Z,2000-07-17 05:00:00.000 Z,IL,,female
5fd8f86c4d929512575955dc,2020-12-15 17:54:52.000 Z,2000-11-22 00:00:00.000 Z,MS,,male
5e892edb219113139d8396a7,2020-04-05 01:05:32.000 Z,1996-12-12 06:00:00.000 Z,MS,,male
5fc3624f4d814b47b4925816,2020-11-29 08:56:47.000 Z,1980-11-29 00:00:00.000 Z,SC,en,female
6056284ffc3e3d6449b172f7,2021-03-20 16:52:31.000 Z,2000-02-09 05:00:00.000 Z,NY,,male
60a6f25da630d35c74a3ff78,2021-05-20 23:35:57.000 Z,2006-06-09 00:00:00.000 Z,WA,en,male
